Time(sec),sum,GPU0_L0_rx,GPU0_L0_tx,GPU0_L1_rx,GPU0_L1_tx,GPU0_L2_rx,GPU0_L2_tx,GPU0_L3_rx,GPU0_L3_tx,GPU1_L0_rx,GPU1_L0_tx,GPU1_L1_rx,GPU1_L1_tx,GPU1_L2_rx,GPU1_L2_tx,GPU1_L3_rx,GPU1_L3_tx,GPU2_L0_rx,GPU2_L0_tx,GPU2_L1_rx,GPU2_L1_tx,GPU2_L2_rx,GPU2_L2_tx,GPU2_L3_rx,GPU2_L3_tx,GPU2_L4_rx,GPU2_L4_tx,GPU3_L0_rx,GPU3_L0_tx,GPU3_L1_rx,GPU3_L1_tx,GPU3_L2_rx,GPU3_L2_tx,GPU3_L3_rx,GPU3_L3_tx,GPU3_L4_rx,GPU3_L4_tx
0.000000,0.000000,0.000000,0.000000,0.000000,0.000000,0.000000,0.000000,0.000000,0.000000,0.000000,0.000000,0.000000,0.000000,0.000000,0.000000,0.000000,0.000000,0.000000,0.000000,0.000000,0.000000,0.000000,0.000000,0.000000,0.000000,0.000000,0.000000,0.000000,0.000000,0.000000,0.000000,0.000000,0.000000,0.000000,0.000000,0.000000,0.000000
1.038033,0.000000,0.000000,0.000000,0.000000,0.000000,0.000000,0.000000,0.000000,0.000000,0.000000,0.000000,0.000000,0.000000,0.000000,0.000000,0.000000,0.000000,0.000000,0.000000,0.000000,0.000000,0.000000,0.000000,0.000000,0.000000,0.000000,0.000000,0.000000,0.000000,0.000000,0.000000,0.000000,0.000000,0.000000,0.000000,0.000000,0.000000
2.079351,0.000000,0.000000,0.000000,0.000000,0.000000,0.000000,0.000000,0.000000,0.000000,0.000000,0.000000,0.000000,0.000000,0.000000,0.000000,0.000000,0.000000,0.000000,0.000000,0.000000,0.000000,0.000000,0.000000,0.000000,0.000000,0.000000,0.000000,0.000000,0.000000,0.000000,0.000000,0.000000,0.000000,0.000000,0.000000,0.000000,0.000000
3.118980,0.000000,0.000000,0.000000,0.000000,0.000000,0.000000,0.000000,0.000000,0.000000,0.000000,0.000000,0.000000,0.000000,0.000000,0.000000,0.000000,0.000000,0.000000,0.000000,0.000000,0.000000,0.000000,0.000000,0.000000,0.000000,0.000000,0.000000,0.000000,0.000000,0.000000,0.000000,0.000000,0.000000,0.000000,0.000000,0.000000,0.000000
4.157536,0.000000,0.000000,0.000000,0.000000,0.000000,0.000000,0.000000,0.000000,0.000000,0.000000,0.000000,0.000000,0.000000,0.000000,0.000000,0.000000,0.000000,0.000000,0.000000,0.000000,0.000000,0.000000,0.000000,0.000000,0.000000,0.000000,0.000000,0.000000,0.000000,0.000000,0.000000,0.000000,0.000000,0.000000,0.000000,0.000000,0.000000
5.196082,0.000000,0.000000,0.000000,0.000000,0.000000,0.000000,0.000000,0.000000,0.000000,0.000000,0.000000,0.000000,0.000000,0.000000,0.000000,0.000000,0.000000,0.000000,0.000000,0.000000,0.000000,0.000000,0.000000,0.000000,0.000000,0.000000,0.000000,0.000000,0.000000,0.000000,0.000000,0.000000,0.000000,0.000000,0.000000,0.000000,0.000000
6.234291,0.000000,0.000000,0.000000,0.000000,0.000000,0.000000,0.000000,0.000000,0.000000,0.000000,0.000000,0.000000,0.000000,0.000000,0.000000,0.000000,0.000000,0.000000,0.000000,0.000000,0.000000,0.000000,0.000000,0.000000,0.000000,0.000000,0.000000,0.000000,0.000000,0.000000,0.000000,0.000000,0.000000,0.000000,0.000000,0.000000,0.000000
7.272837,0.000000,0.000000,0.000000,0.000000,0.000000,0.000000,0.000000,0.000000,0.000000,0.000000,0.000000,0.000000,0.000000,0.000000,0.000000,0.000000,0.000000,0.000000,0.000000,0.000000,0.000000,0.000000,0.000000,0.000000,0.000000,0.000000,0.000000,0.000000,0.000000,0.000000,0.000000,0.000000,0.000000,0.000000,0.000000,0.000000,0.000000
8.312200,0.000000,0.000000,0.000000,0.000000,0.000000,0.000000,0.000000,0.000000,0.000000,0.000000,0.000000,0.000000,0.000000,0.000000,0.000000,0.000000,0.000000,0.000000,0.000000,0.000000,0.000000,0.000000,0.000000,0.000000,0.000000,0.000000,0.000000,0.000000,0.000000,0.000000,0.000000,0.000000,0.000000,0.000000,0.000000,0.000000,0.000000
9.350497,0.000000,0.000000,0.000000,0.000000,0.000000,0.000000,0.000000,0.000000,0.000000,0.000000,0.000000,0.000000,0.000000,0.000000,0.000000,0.000000,0.000000,0.000000,0.000000,0.000000,0.000000,0.000000,0.000000,0.000000,0.000000,0.000000,0.000000,0.000000,0.000000,0.000000,0.000000,0.000000,0.000000,0.000000,0.000000,0.000000,0.000000
10.389776,0.000000,0.000000,0.000000,0.000000,0.000000,0.000000,0.000000,0.000000,0.000000,0.000000,0.000000,0.000000,0.000000,0.000000,0.000000,0.000000,0.000000,0.000000,0.000000,0.000000,0.000000,0.000000,0.000000,0.000000,0.000000,0.000000,0.000000,0.000000,0.000000,0.000000,0.000000,0.000000,0.000000,0.000000,0.000000,0.000000,0.000000
11.427290,0.000000,0.000000,0.000000,0.000000,0.000000,0.000000,0.000000,0.000000,0.000000,0.000000,0.000000,0.000000,0.000000,0.000000,0.000000,0.000000,0.000000,0.000000,0.000000,0.000000,0.000000,0.000000,0.000000,0.000000,0.000000,0.000000,0.000000,0.000000,0.000000,0.000000,0.000000,0.000000,0.000000,0.000000,0.000000,0.000000,0.000000
12.464784,0.000000,0.000000,0.000000,0.000000,0.000000,0.000000,0.000000,0.000000,0.000000,0.000000,0.000000,0.000000,0.000000,0.000000,0.000000,0.000000,0.000000,0.000000,0.000000,0.000000,0.000000,0.000000,0.000000,0.000000,0.000000,0.000000,0.000000,0.000000,0.000000,0.000000,0.000000,0.000000,0.000000,0.000000,0.000000,0.000000,0.000000
13.503161,0.000000,0.000000,0.000000,0.000000,0.000000,0.000000,0.000000,0.000000,0.000000,0.000000,0.000000,0.000000,0.000000,0.000000,0.000000,0.000000,0.000000,0.000000,0.000000,0.000000,0.000000,0.000000,0.000000,0.000000,0.000000,0.000000,0.000000,0.000000,0.000000,0.000000,0.000000,0.000000,0.000000,0.000000,0.000000,0.000000,0.000000
14.541207,0.000000,0.000000,0.000000,0.000000,0.000000,0.000000,0.000000,0.000000,0.000000,0.000000,0.000000,0.000000,0.000000,0.000000,0.000000,0.000000,0.000000,0.000000,0.000000,0.000000,0.000000,0.000000,0.000000,0.000000,0.000000,0.000000,0.000000,0.000000,0.000000,0.000000,0.000000,0.000000,0.000000,0.000000,0.000000,0.000000,0.000000
15.580385,0.000000,0.000000,0.000000,0.000000,0.000000,0.000000,0.000000,0.000000,0.000000,0.000000,0.000000,0.000000,0.000000,0.000000,0.000000,0.000000,0.000000,0.000000,0.000000,0.000000,0.000000,0.000000,0.000000,0.000000,0.000000,0.000000,0.000000,0.000000,0.000000,0.000000,0.000000,0.000000,0.000000,0.000000,0.000000,0.000000,0.000000
16.619215,0.000000,0.000000,0.000000,0.000000,0.000000,0.000000,0.000000,0.000000,0.000000,0.000000,0.000000,0.000000,0.000000,0.000000,0.000000,0.000000,0.000000,0.000000,0.000000,0.000000,0.000000,0.000000,0.000000,0.000000,0.000000,0.000000,0.000000,0.000000,0.000000,0.000000,0.000000,0.000000,0.000000,0.000000,0.000000,0.000000,0.000000
17.657059,0.000000,0.000000,0.000000,0.000000,0.000000,0.000000,0.000000,0.000000,0.000000,0.000000,0.000000,0.000000,0.000000,0.000000,0.000000,0.000000,0.000000,0.000000,0.000000,0.000000,0.000000,0.000000,0.000000,0.000000,0.000000,0.000000,0.000000,0.000000,0.000000,0.000000,0.000000,0.000000,0.000000,0.000000,0.000000,0.000000,0.000000
18.695256,0.000000,0.000000,0.000000,0.000000,0.000000,0.000000,0.000000,0.000000,0.000000,0.000000,0.000000,0.000000,0.000000,0.000000,0.000000,0.000000,0.000000,0.000000,0.000000,0.000000,0.000000,0.000000,0.000000,0.000000,0.000000,0.000000,0.000000,0.000000,0.000000,0.000000,0.000000,0.000000,0.000000,0.000000,0.000000,0.000000,0.000000
19.732900,0.000000,0.000000,0.000000,0.000000,0.000000,0.000000,0.000000,0.000000,0.000000,0.000000,0.000000,0.000000,0.000000,0.000000,0.000000,0.000000,0.000000,0.000000,0.000000,0.000000,0.000000,0.000000,0.000000,0.000000,0.000000,0.000000,0.000000,0.000000,0.000000,0.000000,0.000000,0.000000,0.000000,0.000000,0.000000,0.000000,0.000000
20.772577,0.000000,0.000000,0.000000,0.000000,0.000000,0.000000,0.000000,0.000000,0.000000,0.000000,0.000000,0.000000,0.000000,0.000000,0.000000,0.000000,0.000000,0.000000,0.000000,0.000000,0.000000,0.000000,0.000000,0.000000,0.000000,0.000000,0.000000,0.000000,0.000000,0.000000,0.000000,0.000000,0.000000,0.000000,0.000000,0.000000,0.000000
21.811875,0.000000,0.000000,0.000000,0.000000,0.000000,0.000000,0.000000,0.000000,0.000000,0.000000,0.000000,0.000000,0.000000,0.000000,0.000000,0.000000,0.000000,0.000000,0.000000,0.000000,0.000000,0.000000,0.000000,0.000000,0.000000,0.000000,0.000000,0.000000,0.000000,0.000000,0.000000,0.000000,0.000000,0.000000,0.000000,0.000000,0.000000
22.851219,0.000000,0.000000,0.000000,0.000000,0.000000,0.000000,0.000000,0.000000,0.000000,0.000000,0.000000,0.000000,0.000000,0.000000,0.000000,0.000000,0.000000,0.000000,0.000000,0.000000,0.000000,0.000000,0.000000,0.000000,0.000000,0.000000,0.000000,0.000000,0.000000,0.000000,0.000000,0.000000,0.000000,0.000000,0.000000,0.000000,0.000000
23.890689,0.000000,0.000000,0.000000,0.000000,0.000000,0.000000,0.000000,0.000000,0.000000,0.000000,0.000000,0.000000,0.000000,0.000000,0.000000,0.000000,0.000000,0.000000,0.000000,0.000000,0.000000,0.000000,0.000000,0.000000,0.000000,0.000000,0.000000,0.000000,0.000000,0.000000,0.000000,0.000000,0.000000,0.000000,0.000000,0.000000,0.000000
24.929487,0.000000,0.000000,0.000000,0.000000,0.000000,0.000000,0.000000,0.000000,0.000000,0.000000,0.000000,0.000000,0.000000,0.000000,0.000000,0.000000,0.000000,0.000000,0.000000,0.000000,0.000000,0.000000,0.000000,0.000000,0.000000,0.000000,0.000000,0.000000,0.000000,0.000000,0.000000,0.000000,0.000000,0.000000,0.000000,0.000000,0.000000
25.968829,0.000000,0.000000,0.000000,0.000000,0.000000,0.000000,0.000000,0.000000,0.000000,0.000000,0.000000,0.000000,0.000000,0.000000,0.000000,0.000000,0.000000,0.000000,0.000000,0.000000,0.000000,0.000000,0.000000,0.000000,0.000000,0.000000,0.000000,0.000000,0.000000,0.000000,0.000000,0.000000,0.000000,0.000000,0.000000,0.000000,0.000000
27.008199,0.000000,0.000000,0.000000,0.000000,0.000000,0.000000,0.000000,0.000000,0.000000,0.000000,0.000000,0.000000,0.000000,0.000000,0.000000,0.000000,0.000000,0.000000,0.000000,0.000000,0.000000,0.000000,0.000000,0.000000,0.000000,0.000000,0.000000,0.000000,0.000000,0.000000,0.000000,0.000000,0.000000,0.000000,0.000000,0.000000,0.000000
28.046982,0.000000,0.000000,0.000000,0.000000,0.000000,0.000000,0.000000,0.000000,0.000000,0.000000,0.000000,0.000000,0.000000,0.000000,0.000000,0.000000,0.000000,0.000000,0.000000,0.000000,0.000000,0.000000,0.000000,0.000000,0.000000,0.000000,0.000000,0.000000,0.000000,0.000000,0.000000,0.000000,0.000000,0.000000,0.000000,0.000000,0.000000
29.086326,0.000000,0.000000,0.000000,0.000000,0.000000,0.000000,0.000000,0.000000,0.000000,0.000000,0.000000,0.000000,0.000000,0.000000,0.000000,0.000000,0.000000,0.000000,0.000000,0.000000,0.000000,0.000000,0.000000,0.000000,0.000000,0.000000,0.000000,0.000000,0.000000,0.000000,0.000000,0.000000,0.000000,0.000000,0.000000,0.000000,0.000000
30.125717,0.000000,0.000000,0.000000,0.000000,0.000000,0.000000,0.000000,0.000000,0.000000,0.000000,0.000000,0.000000,0.000000,0.000000,0.000000,0.000000,0.000000,0.000000,0.000000,0.000000,0.000000,0.000000,0.000000,0.000000,0.000000,0.000000,0.000000,0.000000,0.000000,0.000000,0.000000,0.000000,0.000000,0.000000,0.000000,0.000000,0.000000
31.165509,613412.000000,51116.000000,0.000000,0.000000,0.000000,0.000000,0.000000,51119.000000,0.000000,0.000000,0.000000,102236.000000,0.000000,0.000000,0.000000,0.000000,0.000000,0.000000,0.000000,0.000000,0.000000,51119.000000,0.000000,0.000000,0.000000,51116.000000,0.000000,0.000000,51119.000000,0.000000,102236.000000,0.000000,51116.000000,0.000000,51116.000000,0.000000,51119.000000
32.203537,613412.000000,51116.000000,0.000000,0.000000,0.000000,0.000000,0.000000,51119.000000,0.000000,0.000000,0.000000,102236.000000,0.000000,0.000000,0.000000,0.000000,0.000000,0.000000,0.000000,0.000000,0.000000,51119.000000,0.000000,0.000000,0.000000,51116.000000,0.000000,0.000000,51119.000000,0.000000,102236.000000,0.000000,51116.000000,0.000000,51116.000000,0.000000,51119.000000
33.242769,613412.000000,51116.000000,0.000000,0.000000,0.000000,0.000000,0.000000,51119.000000,0.000000,0.000000,0.000000,102236.000000,0.000000,0.000000,0.000000,0.000000,0.000000,0.000000,0.000000,0.000000,0.000000,51119.000000,0.000000,0.000000,0.000000,51116.000000,0.000000,0.000000,51119.000000,0.000000,102236.000000,0.000000,51116.000000,0.000000,51116.000000,0.000000,51119.000000
34.281157,613412.000000,51116.000000,0.000000,0.000000,0.000000,0.000000,0.000000,51119.000000,0.000000,0.000000,0.000000,102236.000000,0.000000,0.000000,0.000000,0.000000,0.000000,0.000000,0.000000,0.000000,0.000000,51119.000000,0.000000,0.000000,0.000000,51116.000000,0.000000,0.000000,51119.000000,0.000000,102236.000000,0.000000,51116.000000,0.000000,51116.000000,0.000000,51119.000000
35.319041,613412.000000,51116.000000,0.000000,0.000000,0.000000,0.000000,0.000000,51119.000000,0.000000,0.000000,0.000000,102236.000000,0.000000,0.000000,0.000000,0.000000,0.000000,0.000000,0.000000,0.000000,0.000000,51119.000000,0.000000,0.000000,0.000000,51116.000000,0.000000,0.000000,51119.000000,0.000000,102236.000000,0.000000,51116.000000,0.000000,51116.000000,0.000000,51119.000000
36.357286,613412.000000,51116.000000,0.000000,0.000000,0.000000,0.000000,0.000000,51119.000000,0.000000,0.000000,0.000000,102236.000000,0.000000,0.000000,0.000000,0.000000,0.000000,0.000000,0.000000,0.000000,0.000000,51119.000000,0.000000,0.000000,0.000000,51116.000000,0.000000,0.000000,51119.000000,0.000000,102236.000000,0.000000,51116.000000,0.000000,51116.000000,0.000000,51119.000000
37.394465,613412.000000,51116.000000,0.000000,0.000000,0.000000,0.000000,0.000000,51119.000000,0.000000,0.000000,0.000000,102236.000000,0.000000,0.000000,0.000000,0.000000,0.000000,0.000000,0.000000,0.000000,0.000000,51119.000000,0.000000,0.000000,0.000000,51116.000000,0.000000,0.000000,51119.000000,0.000000,102236.000000,0.000000,51116.000000,0.000000,51116.000000,0.000000,51119.000000
38.433357,613412.000000,51116.000000,0.000000,0.000000,0.000000,0.000000,0.000000,51119.000000,0.000000,0.000000,0.000000,102236.000000,0.000000,0.000000,0.000000,0.000000,0.000000,0.000000,0.000000,0.000000,0.000000,51119.000000,0.000000,0.000000,0.000000,51116.000000,0.000000,0.000000,51119.000000,0.000000,102236.000000,0.000000,51116.000000,0.000000,51116.000000,0.000000,51119.000000
39.472135,613412.000000,51116.000000,0.000000,0.000000,0.000000,0.000000,0.000000,51119.000000,0.000000,0.000000,0.000000,102236.000000,0.000000,0.000000,0.000000,0.000000,0.000000,0.000000,0.000000,0.000000,0.000000,51119.000000,0.000000,0.000000,0.000000,51116.000000,0.000000,0.000000,51119.000000,0.000000,102236.000000,0.000000,51116.000000,0.000000,51116.000000,0.000000,51119.000000
40.511796,613412.000000,51116.000000,0.000000,0.000000,0.000000,0.000000,0.000000,51119.000000,0.000000,0.000000,0.000000,102236.000000,0.000000,0.000000,0.000000,0.000000,0.000000,0.000000,0.000000,0.000000,0.000000,51119.000000,0.000000,0.000000,0.000000,51116.000000,0.000000,0.000000,51119.000000,0.000000,102236.000000,0.000000,51116.000000,0.000000,51116.000000,0.000000,51119.000000
41.551382,613412.000000,51116.000000,0.000000,0.000000,0.000000,0.000000,0.000000,51119.000000,0.000000,0.000000,0.000000,102236.000000,0.000000,0.000000,0.000000,0.000000,0.000000,0.000000,0.000000,0.000000,0.000000,51119.000000,0.000000,0.000000,0.000000,51116.000000,0.000000,0.000000,51119.000000,0.000000,102236.000000,0.000000,51116.000000,0.000000,51116.000000,0.000000,51119.000000
42.590090,613412.000000,51116.000000,0.000000,0.000000,0.000000,0.000000,0.000000,51119.000000,0.000000,0.000000,0.000000,102236.000000,0.000000,0.000000,0.000000,0.000000,0.000000,0.000000,0.000000,0.000000,0.000000,51119.000000,0.000000,0.000000,0.000000,51116.000000,0.000000,0.000000,51119.000000,0.000000,102236.000000,0.000000,51116.000000,0.000000,51116.000000,0.000000,51119.000000
43.629555,613412.000000,51116.000000,0.000000,0.000000,0.000000,0.000000,0.000000,51119.000000,0.000000,0.000000,0.000000,102236.000000,0.000000,0.000000,0.000000,0.000000,0.000000,0.000000,0.000000,0.000000,0.000000,51119.000000,0.000000,0.000000,0.000000,51116.000000,0.000000,0.000000,51119.000000,0.000000,102236.000000,0.000000,51116.000000,0.000000,51116.000000,0.000000,51119.000000
44.669153,613412.000000,51116.000000,0.000000,0.000000,0.000000,0.000000,0.000000,51119.000000,0.000000,0.000000,0.000000,102236.000000,0.000000,0.000000,0.000000,0.000000,0.000000,0.000000,0.000000,0.000000,0.000000,51119.000000,0.000000,0.000000,0.000000,51116.000000,0.000000,0.000000,51119.000000,0.000000,102236.000000,0.000000,51116.000000,0.000000,51116.000000,0.000000,51119.000000
45.709080,613412.000000,51116.000000,0.000000,0.000000,0.000000,0.000000,0.000000,51119.000000,0.000000,0.000000,0.000000,102236.000000,0.000000,0.000000,0.000000,0.000000,0.000000,0.000000,0.000000,0.000000,0.000000,51119.000000,0.000000,0.000000,0.000000,51116.000000,0.000000,0.000000,51119.000000,0.000000,102236.000000,0.000000,51116.000000,0.000000,51116.000000,0.000000,51119.000000
46.750442,613412.000000,51116.000000,0.000000,0.000000,0.000000,0.000000,0.000000,51119.000000,0.000000,0.000000,0.000000,102236.000000,0.000000,0.000000,0.000000,0.000000,0.000000,0.000000,0.000000,0.000000,0.000000,51119.000000,0.000000,0.000000,0.000000,51116.000000,0.000000,0.000000,51119.000000,0.000000,102236.000000,0.000000,51116.000000,0.000000,51116.000000,0.000000,51119.000000
47.791965,613412.000000,51116.000000,0.000000,0.000000,0.000000,0.000000,0.000000,51119.000000,0.000000,0.000000,0.000000,102236.000000,0.000000,0.000000,0.000000,0.000000,0.000000,0.000000,0.000000,0.000000,0.000000,51119.000000,0.000000,0.000000,0.000000,51116.000000,0.000000,0.000000,51119.000000,0.000000,102236.000000,0.000000,51116.000000,0.000000,51116.000000,0.000000,51119.000000
48.834517,613412.000000,51116.000000,0.000000,0.000000,0.000000,0.000000,0.000000,51119.000000,0.000000,0.000000,0.000000,102236.000000,0.000000,0.000000,0.000000,0.000000,0.000000,0.000000,0.000000,0.000000,0.000000,51119.000000,0.000000,0.000000,0.000000,51116.000000,0.000000,0.000000,51119.000000,0.000000,102236.000000,0.000000,51116.000000,0.000000,51116.000000,0.000000,51119.000000
49.895177,629820.000000,51118.000000,4100.000000,0.000000,0.000000,0.000000,0.000000,51121.000000,4100.000000,0.000000,0.000000,102236.000000,0.000000,0.000000,0.000000,0.000000,0.000000,0.000000,0.000000,0.000000,0.000000,51119.000000,0.000000,0.000000,0.000000,51116.000000,0.000000,0.000000,51119.000000,0.000000,102236.000000,4100.000000,51118.000000,0.000000,51116.000000,4100.000000,51121.000000
50.936940,1224762.000000,63365.000000,15310.000000,24365.000000,17653.000000,24365.000000,29427.000000,63368.000000,15308.000000,29427.000000,24365.000000,131663.000000,30486.000000,14605.000000,8743.000000,14606.000000,8743.000000,8743.000000,14605.000000,17653.000000,24365.000000,59945.000000,15244.000000,8743.000000,14606.000000,59943.000000,15242.000000,15244.000000,59945.000000,30486.000000,131663.000000,15310.000000,63365.000000,15242.000000,59943.000000,15308.000000,63368.000000
51.977859,2453654.000000,87920.000000,45929.000000,73607.000000,52960.000000,73607.000000,88283.000000,87922.000000,45928.000000,88283.000000,73607.000000,190519.000000,91858.000000,44141.000000,26480.000000,44141.000000,26479.000000,26480.000000,44141.000000,52960.000000,73607.000000,77600.000000,45929.000000,26479.000000,44141.000000,77596.000000,45928.000000,45929.000000,77600.000000,91858.000000,190519.000000,45929.000000,87920.000000,45928.000000,77596.000000,45928.000000,87922.000000
53.020881,4154844.000000,120334.000000,87477.000000,140541.000000,97729.000000,142904.000000,169181.000000,120338.000000,88657.000000,169182.000000,142905.000000,271418.000000,181783.000000,86300.000000,51099.000000,86394.000000,51098.000000,51099.000000,86824.000000,97729.000000,142905.000000,99984.000000,89713.000000,51099.000000,86825.000000,99983.000000,89710.000000,89713.000000,99986.000000,181783.000000,271419.000000,88659.000000,120859.000000,89710.000000,99983.000000,88659.000000,120862.000000
54.065047,5520744.000000,149258.000000,122476.000000,196285.000000,141228.000000,196285.000000,235421.000000,149263.000000,122478.000000,235421.000000,196285.000000,337658.000000,244955.000000,117709.000000,70614.000000,117712.000000,70613.000000,70614.000000,117709.000000,141228.000000,196285.000000,121733.000000,122477.000000,70613.000000,117712.000000,121730.000000,122477.000000,122477.000000,121733.000000,244955.000000,337658.000000,122476.000000,149258.000000,122477.000000,121730.000000,122478.000000,149263.000000
55.105505,6747580.000000,173793.000000,153094.000000,245357.000000,176535.000000,245357.000000,294277.000000,173799.000000,153099.000000,294277.000000,245357.000000,396513.000000,306193.000000,147136.000000,88267.000000,147140.000000,88267.000000,88267.000000,147136.000000,176535.000000,245357.000000,139388.000000,153096.000000,88267.000000,147140.000000,139382.000000,153097.000000,153096.000000,139388.000000,306193.000000,396513.000000,153094.000000,173793.000000,153097.000000,139382.000000,153099.000000,173799.000000
56.144891,8529398.000000,208442.000000,196350.000000,318658.000000,223673.000000,318658.000000,378590.000000,208448.000000,196355.000000,378590.000000,318658.000000,481880.000000,397178.000000,190906.000000,114500.000000,190912.000000,114500.000000,114500.000000,190906.000000,223673.000000,318660.000000,164008.000000,198589.000000,114631.000000,191174.000000,163999.000000,198591.000000,198589.000000,164008.000000,397180.000000,481881.000000,196350.000000,208442.000000,198591.000000,164000.000000,196355.000000,208973.000000
57.187786,9814666.000000,235132.000000,229641.000000,368035.000000,264802.000000,368035.000000,441415.000000,235139.000000,229649.000000,441415.000000,368035.000000,543652.000000,459290.000000,220704.000000,132402.000000,220710.000000,132399.000000,132402.000000,220704.000000,264802.000000,368035.000000,183523.000000,229643.000000,132399.000000,220710.000000,183515.000000,229647.000000,229643.000000,183523.000000,459290.000000,543652.000000,229641.000000,235132.000000,229647.000000,183515.000000,229649.000000,235139.000000
58.228812,11121072.000000,259667.000000,260258.000000,421307.000000,300109.000000,417107.000000,500271.000000,259675.000000,263125.000000,500271.000000,417107.000000,602507.000000,528729.000000,254858.000000,150055.000000,254866.000000,150053.000000,150055.000000,254858.000000,300109.000000,421315.000000,201175.000000,266460.000000,150053.000000,254866.000000,201170.000000,266467.000000,266460.000000,201175.000000,528729.000000,602507.000000,264358.000000,259667.000000,266467.000000,201170.000000,264371.000000,259675.000000
59.267990,12867569.000000,296022.000000,305485.000000,490609.000000,351715.000000,490609.000000,586693.000000,296327.000000,305501.000000,586693.000000,490609.000000,689787.000000,612256.000000,294198.000000,176454.000000,294205.000000,176450.000000,176454.000000,294198.000000,351717.000000,490609.000000,227407.000000,306124.000000,176450.000000,294205.000000,227401.000000,306131.000000,306124.000000,227407.000000,612256.000000,690049.000000,305616.000000,296317.000000,306131.000000,227401.000000,305632.000000,296327.000000
60.308562,14108592.000000,321004.000000,336804.000000,539785.000000,388377.000000,539785.000000,647409.000000,321017.000000,336822.000000,647409.000000,539785.000000,749645.000000,673626.000000,323700.000000,194191.000000,323708.000000,194185.000000,194191.000000,323700.000000,388377.000000,539785.000000,245309.000000,336808.000000,194185.000000,323708.000000,245304.000000,336817.000000,336808.000000,245309.000000,673626.000000,749645.000000,336804.000000,321004.000000,336817.000000,245304.000000,336822.000000,321017.000000
61.348005,15749652.000000,352367.000000,373631.000000,605666.000000,427900.000000,605666.000000,728303.000000,352381.000000,373650.000000,728303.000000,605666.000000,830544.000000,760136.000000,364678.000000,217757.000000,364685.000000,217752.000000,217757.000000,364678.000000,427900.000000,606714.000000,267168.000000,380062.000000,217752.000000,364685.000000,267163.000000,380074.000000,380062.000000,267168.000000,760136.000000,830544.000000,378350.000000,352367.000000,380074.000000,267163.000000,378369.000000,352381.000000
62.391917,17175628.000000,382324.000000,413351.000000,662464.000000,476644.000000,662464.000000,794547.000000,382338.000000,413371.000000,794547.000000,662464.000000,896784.000000,826723.000000,397271.000000,238326.000000,397276.000000,238318.000000,238326.000000,397271.000000,476644.000000,662464.000000,289433.000000,413354.000000,238318.000000,397276.000000,289430.000000,413369.000000,413354.000000,289441.000000,826723.000000,896784.000000,413351.000000,382342.000000,413369.000000,289439.000000,413371.000000,382357.000000
63.433022,18402520.000000,406878.000000,443971.000000,711535.000000,511951.000000,711535.000000,853403.000000,406893.000000,443991.000000,853403.000000,711535.000000,955639.000000,887962.000000,426698.000000,255979.000000,426705.000000,255972.000000,255979.000000,426698.000000,511951.000000,711535.000000,307096.000000,443973.000000,255972.000000,426705.000000,307091.000000,443988.000000,443973.000000,307096.000000,887962.000000,955639.000000,443971.000000,406878.000000,443988.000000,307091.000000,443991.000000,406893.000000
64.475688,20147515.000000,439818.000000,487225.000000,783979.000000,559088.000000,783979.000000,935357.000000,439834.000000,487247.000000,935357.000000,783980.000000,1037593.000000,977892.000000,469909.000000,280602.000000,469915.000000,280596.000000,280602.000000,469909.000000,559089.000000,783980.000000,330663.000000,488939.000000,281775.000000,469915.000000,330657.000000,488953.000000,488939.000000,330665.000000,978416.000000,1037593.000000,487226.000000,440342.000000,489216.000000,330659.000000,487248.000000,440358.000000
65.519652,21469614.000000,468216.000000,520518.000000,834214.000000,600219.000000,834214.000000,1000542.000000,468234.000000,520541.000000,1000542.000000,834214.000000,1102778.000000,1041059.000000,500267.000000,300111.000000,500274.000000,300107.000000,300111.000000,500267.000000,600219.000000,834214.000000,351230.000000,520520.000000,300107.000000,500274.000000,351225.000000,520538.000000,520520.000000,351230.000000,1041059.000000,1102778.000000,520518.000000,468216.000000,520538.000000,351225.000000,520541.000000,468234.000000
66.559738,22696444.000000,492752.000000,551136.000000,883285.000000,635526.000000,883285.000000,1059397.000000,492769.000000,551161.000000,1059397.000000,883285.000000,1161633.000000,1102298.000000,529695.000000,317765.000000,529701.000000,317760.000000,317765.000000,529695.000000,635526.000000,883285.000000,368883.000000,551139.000000,317760.000000,529701.000000,368879.000000,551158.000000,551139.000000,368883.000000,1102298.000000,1161633.000000,551136.000000,492752.000000,551158.000000,368879.000000,551161.000000,492769.000000
67.599086,24473597.000000,527925.000000,594390.000000,955997.000000,682664.000000,956587.000000,1141351.000000,527943.000000,594418.000000,1141351.000000,956587.000000,1247002.000000,1193281.000000,573335.000000,343997.000000,573341.000000,343992.000000,343997.000000,573335.000000,682664.000000,956587.000000,393502.000000,596633.000000,343992.000000,573341.000000,393498.000000,596647.000000,596633.000000,393502.000000,1193281.000000,1247002.000000,594390.000000,527925.000000,596647.000000,393498.000000,594419.000000,527943.000000
68.645743,25763536.000000,554090.000000,627681.000000,1005964.000000,723793.000000,1005964.000000,1206536.000000,554110.000000,627713.000000,1206536.000000,1005964.000000,1308772.000000,1255395.000000,603264.000000,361898.000000,603271.000000,361894.000000,361898.000000,603264.000000,723793.000000,1005964.000000,413017.000000,627689.000000,361894.000000,603271.000000,413012.000000,627705.000000,627689.000000,413017.000000,1255395.000000,1308772.000000,627681.000000,554090.000000,627705.000000,413012.000000,627713.000000,554110.000000
69.686812,27062781.000000,578625.000000,658299.000000,1059234.000000,759100.000000,1055039.000000,1265391.000000,578648.000000,662434.000000,1265391.000000,1055039.000000,1367627.000000,1324834.000000,637415.000000,379552.000000,637421.000000,379548.000000,379552.000000,637415.000000,759100.000000,1059234.000000,430671.000000,662408.000000,379548.000000,637421.000000,430665.000000,662428.000000,662409.000000,430671.000000,1324834.000000,1367627.000000,662399.000000,578627.000000,662428.000000,430665.000000,662434.000000,578648.000000
70.725552,28778321.000000,613271.000000,702079.000000,1128537.000000,807287.000000,1128537.000000,1349709.000000,613294.000000,702114.000000,1349709.000000,1128537.000000,1451946.000000,1408359.000000,676727.000000,405949.000000,676732.000000,405945.000000,405949.000000,676727.000000,807288.000000,1128537.000000,454764.000000,704169.000000,405945.000000,676732.000000,454760.000000,704189.000000,704169.000000,454765.000000,1408360.000000,1452994.000000,702082.000000,613273.000000,704189.000000,455284.000000,702117.000000,613296.000000
71.766115,30057464.000000,639963.000000,734847.000000,1177714.000000,847368.000000,1177714.000000,1412530.000000,639987.000000,734883.000000,1412530.000000,1177714.000000,1514766.000000,1469730.000000,706262.000000,423685.000000,706267.000000,423682.000000,423685.000000,706262.000000,847368.000000,1177714.000000,474803.000000,734855.000000,423682.000000,706267.000000,474801.000000,734875.000000,734855.000000,474803.000000,1469730.000000,1514766.000000,734847.000000,639963.000000,734875.000000,474801.000000,734883.000000,639987.000000
72.811864,31503525.000000,666602.000000,765464.000000,1243592.000000,882675.000000,1230994.000000,1471385.000000,666628.000000,765505.000000,1471385.000000,1230994.000000,1583077.000000,1543368.000000,746712.000000,443440.000000,747242.000000,443438.000000,443440.000000,747236.000000,882675.000000,1243592.000000,494559.000000,777585.000000,443438.000000,747242.000000,494558.000000,777605.000000,777585.000000,494559.000000,1543368.000000,1583681.000000,765464.000000,671320.000000,777606.000000,494559.000000,769605.000000,671347.000000
73.851604,33118918.000000,701248.000000,810957.000000,1300355.000000,935140.000000,1300355.000000,1558927.000000,701275.000000,810999.000000,1558927.000000,1300355.000000,1661689.000000,1622827.000000,779757.000000,467819.000000,779763.000000,467815.000000,467819.000000,779757.000000,935140.000000,1300355.000000,518853.000000,811402.000000,467815.000000,779763.000000,518853.000000,811425.000000,811402.000000,518853.000000,1622827.000000,1661689.000000,810957.000000,701248.000000,811425.000000,518853.000000,810999.000000,701275.000000
74.892860,34351388.000000,725836.000000,842010.000000,1349464.000000,970942.000000,1349464.000000,1618524.000000,725864.000000,842056.000000,1618524.000000,1349464.000000,1720760.000000,1684066.000000,809258.000000,485474.000000,809265.000000,485468.000000,485474.000000,809258.000000,970942.000000,1349464.000000,536589.000000,842022.000000,485468.000000,809265.000000,536589.000000,842043.000000,842022.000000,536589.000000,1684066.000000,1720760.000000,842010.000000,725836.000000,842043.000000,536589.000000,842056.000000,725864.000000
75.934435,36017846.000000,757193.000000,884740.000000,1416398.000000,1015716.000000,1418757.000000,1699424.000000,757228.000000,884786.000000,1699424.000000,1418757.000000,1793265.000000,1771628.000000,851416.000000,509569.000000,851425.000000,509562.000000,509569.000000,851416.000000,1015716.000000,1416553.000000,556350.000000,885803.000000,510086.000000,851425.000000,556352.000000,885825.000000,885803.000000,556350.000000,1773991.000000,1795090.000000,884741.000000,757197.000000,885827.000000,558449.000000,884786.000000,757229.000000
76.985762,37418478.000000,787173.000000,918557.000000,1472142.000000,1059210.000000,1472142.000000,1765662.000000,787206.000000,918606.000000,1765662.000000,1472142.000000,1867899.000000,1837163.000000,882827.000000,529609.000000,882834.000000,529601.000000,529609.000000,882827.000000,1059210.000000,1472142.000000,580721.000000,918571.000000,529601.000000,882834.000000,580724.000000,918592.000000,918571.000000,580721.000000,1837163.000000,1867899.000000,918557.000000,787173.000000,918592.000000,580724.000000,918606.000000,787206.000000
78.026491,38645310.000000,811708.000000,949175.000000,1521214.000000,1094517.000000,1521214.000000,1824518.000000,811741.000000,949226.000000,1824518.000000,1521214.000000,1926754.000000,1898402.000000,912255.000000,547262.000000,912262.000000,547254.000000,547262.000000,912255.000000,1094517.000000,1521214.000000,598375.000000,949189.000000,547254.000000,912262.000000,598377.000000,949212.000000,949189.000000,598375.000000,1898402.000000,1926754.000000,949175.000000,811708.000000,949212.000000,598377.000000,949226.000000,811741.000000
79.066136,40442364.000000,847931.000000,992955.000000,1594516.000000,1142705.000000,1593926.000000,1908836.000000,847965.000000,993008.000000,1908836.000000,1593926.000000,2013176.000000,1989384.000000,956026.000000,573493.000000,956033.000000,573486.000000,573493.000000,956026.000000,1142705.000000,1594516.000000,624179.000000,994681.000000,573486.000000,956033.000000,624179.000000,994703.000000,994681.000000,624179.000000,1989384.000000,2013176.000000,992955.000000,847931.000000,994703.000000,624179.000000,993008.000000,847965.000000
80.111005,41712402.000000,873046.000000,1025721.000000,1643892.000000,1182784.000000,1643892.000000,1971656.000000,873083.000000,1025777.000000,1971656.000000,1643892.000000,2073893.000000,2051499.000000,985824.000000,591395.000000,985832.000000,591389.000000,591395.000000,985824.000000,1182784.000000,1643892.000000,642510.000000,1025738.000000,591389.000000,985832.000000,642510.000000,1025760.000000,1025738.000000,642510.000000,2051499.000000,2073893.000000,1025721.000000,873046.000000,1025760.000000,642510.000000,1025777.000000,873083.000000
81.151420,42968060.000000,897580.000000,1056338.000000,1692968.000000,1218091.000000,1692964.000000,2030512.000000,897621.000000,1056399.000000,2030512.000000,1692964.000000,2132748.000000,2112738.000000,1015251.000000,609048.000000,1015260.000000,609043.000000,609048.000000,1015255.000000,1218091.000000,1697162.000000,660164.000000,1060458.000000,609043.000000,1015264.000000,660164.000000,1060481.000000,1060458.000000,660164.000000,2120938.000000,2132748.000000,1056338.000000,897582.000000,1060481.000000,660164.000000,1056399.000000,897621.000000
82.190675,44753332.000000,933803.000000,1101300.000000,1766401.000000,1267329.000000,1766401.000000,2115880.000000,933844.000000,1101362.000000,2115880.000000,1766401.000000,2219433.000000,2204463.000000,1059284.000000,635444.000000,1059294.000000,635440.000000,635444.000000,1059284.000000,1267329.000000,1766401.000000,686262.000000,1102219.000000,635440.000000,1059294.000000,686263.000000,1102243.000000,1102219.000000,686262.000000,2204463.000000,2219435.000000,1101300.000000,933803.000000,1102243.000000,686263.000000,1101362.000000,933844.000000
83.232855,46006326.000000,958918.000000,1132883.000000,1815642.000000,1306359.000000,1815642.000000,2177650.000000,958960.000000,1132951.000000,2177650.000000,1815642.000000,2279887.000000,2265835.000000,1088819.000000,653181.000000,1088830.000000,653177.000000,653181.000000,1088819.000000,1306359.000000,1815642.000000,704297.000000,1132906.000000,653177.000000,1088830.000000,704298.000000,1132928.000000,1132906.000000,704297.000000,2265835.000000,2279887.000000,1132883.000000,958918.000000,1132928.000000,704298.000000,1132951.000000,958960.000000
84.271952,47551292.000000,990276.000000,1174428.000000,1878360.000000,1350079.000000,1878360.000000,2258548.000000,990319.000000,1174499.000000,2258548.000000,1878360.000000,2352392.000000,2339490.000000,1125071.000000,672943.000000,1125084.000000,672940.000000,672943.000000,1125071.000000,1350079.000000,1878360.000000,724059.000000,1169733.000000,672940.000000,1125084.000000,724059.000000,1169757.000000,1169733.000000,724059.000000,2339490.000000,2360780.000000,1174430.000000,990280.000000,1169757.000000,726156.000000,1174501.000000,990324.000000
85.315390,49073397.000000,1020237.000000,1209428.000000,1938321.000000,1394626.000000,1938321.000000,2324789.000000,1020301.000000,1209503.000000,2324789.000000,1938321.000000,2427025.000000,2418931.000000,1162387.000000,697314.000000,1162401.000000,697312.000000,697314.000000,1162387.000000,1394626.000000,1938321.000000,748431.000000,1209452.000000,697312.000000,1162401.000000,748431.000000,1209479.000000,1209452.000000,748431.000000,2418931.000000,2427025.000000,1209428.000000,1020256.000000,1209479.000000,748431.000000,1209503.000000,1020301.000000
86.354843,50300250.000000,1044792.000000,1240047.000000,1987392.000000,1429933.000000,1987392.000000,2383644.000000,1044837.000000,1240123.000000,2383644.000000,1987392.000000,2485880.000000,2480170.000000,1191816.000000,714968.000000,1191827.000000,714965.000000,714968.000000,1191816.000000,1429933.000000,1987392.000000,766084.000000,1240070.000000,714965.000000,1191827.000000,766085.000000,1240100.000000,1240070.000000,766084.000000,2480170.000000,2485880.000000,1240047.000000,1044792.000000,1240100.000000,766085.000000,1240123.000000,1044837.000000
87.396349,51976712.000000,1071432.000000,1283302.000000,2053273.000000,1478120.000000,2059839.000000,2467957.000000,1071476.000000,1283380.000000,2467957.000000,2059839.000000,2554189.000000,2570627.000000,1232791.000000,741067.000000,1232804.000000,741064.000000,741067.000000,1233973.000000,1478120.000000,2054326.000000,785847.000000,1283326.000000,741064.000000,1233984.000000,785846.000000,1283356.000000,1283326.000000,785847.000000,2570889.000000,2558386.000000,1283302.000000,1076155.000000,1283356.000000,785846.000000,1283380.000000,1076199.000000
88.445755,53367344.000000,1106131.000000,1316591.000000,2110071.000000,1518201.000000,2110071.000000,2530783.000000,1106176.000000,1316676.000000,2530783.000000,2110071.000000,2633019.000000,2633267.000000,1265386.000000,759101.000000,1265396.000000,759099.000000,759101.000000,1265386.000000,1518201.000000,2110071.000000,810219.000000,1316619.000000,759099.000000,1265396.000000,810218.000000,1316648.000000,1316619.000000,810219.000000,2633267.000000,2633019.000000,1316591.000000,1106131.000000,1316648.000000,810218.000000,1316676.000000,1106176.000000
89.487167,54659692.000000,1130668.000000,1347208.000000,2163341.000000,1553508.000000,2159147.000000,2589638.000000,1130714.000000,1347298.000000,2589638.000000,2159147.000000,2691883.000000,2702706.000000,1299537.000000,776756.000000,1299546.000000,776752.000000,776756.000000,1299537.000000,1553508.000000,2163343.000000,827872.000000,1351339.000000,776752.000000,1299546.000000,827872.000000,1352555.000000,1353436.000000,827872.000000,2702706.000000,2691883.000000,1347208.000000,1130668.000000,1353468.000000,827872.000000,1347298.000000,1130714.000000
90.529319,56390706.000000,1165313.000000,1392173.000000,2232645.000000,1602750.000000,2231854.000000,2675011.000000,1165359.000000,1392262.000000,2676060.000000,2232444.000000,2777241.000000,2785489.000000,1338880.000000,802988.000000,1338891.000000,802983.000000,802988.000000,1338880.000000,1602755.000000,2232645.000000,851967.000000,1393099.000000,802983.000000,1338891.000000,851965.000000,1393133.000000,1393099.000000,851967.000000,2785489.000000,2777241.000000,1392436.000000,1165315.000000,1393133.000000,852490.000000,1392526.000000,1165361.000000
91.570050,57661268.000000,1192006.000000,1423757.000000,2281821.000000,1641775.000000,2281821.000000,2736777.000000,1192051.000000,1423846.000000,2736777.000000,2281821.000000,2839013.000000,2847603.000000,1368382.000000,820890.000000,1368394.000000,820885.000000,820890.000000,1368382.000000,1641775.000000,2281821.000000,872005.000000,1423783.000000,820885.000000,1368394.000000,872006.000000,1423819.000000,1423783.000000,872005.000000,2847603.000000,2839013.000000,1423757.000000,1192006.000000,1423819.000000,872006.000000,1423846.000000,1192051.000000
92.609751,59222121.000000,1218646.000000,1460576.000000,2347699.000000,1681289.000000,2347700.000000,2805088.000000,1218691.000000,1460666.000000,2806776.000000,2347700.000000,2907322.000000,2933064.000000,1409357.000000,844457.000000,1409368.000000,844451.000000,844457.000000,1409357.000000,1681291.000000,2347700.000000,891761.000000,1466512.000000,844451.000000,1409368.000000,891764.000000,1466552.000000,1466512.000000,891761.000000,2934113.000000,2907324.000000,1460584.000000,1223364.000000,1466552.000000,891764.000000,1460674.000000,1223410.000000
93.650763,60728364.000000,1253344.000000,1500303.000000,2404500.000000,1730043.000000,2404500.000000,2883915.000000,1253392.000000,1500397.000000,2883915.000000,2404500.000000,2986152.000000,3000700.000000,1441952.000000,865025.000000,1441963.000000,865018.000000,865025.000000,1441952.000000,1730043.000000,2404500.000000,916137.000000,1500329.000000,865018.000000,1441963.000000,916142.000000,1500370.000000,1500329.000000,916137.000000,3000700.000000,2986152.000000,1500303.000000,1253344.000000,1500370.000000,916142.000000,1500397.000000,1253392.000000
94.695585,61955198.000000,1277878.000000,1530921.000000,2453571.000000,1765350.000000,2453571.000000,2942771.000000,1277929.000000,1531017.000000,2942771.000000,2453571.000000,3045007.000000,3061939.000000,1471379.000000,882678.000000,1471391.000000,882672.000000,882678.000000,1471379.000000,1765350.000000,2453571.000000,933792.000000,1530947.000000,882672.000000,1471391.000000,933794.000000,1530992.000000,1530947.000000,933792.000000,3061939.000000,3045007.000000,1530921.000000,1277878.000000,1530992.000000,933794.000000,1531017.000000,1277929.000000
95.734480,63732769.000000,1312527.000000,1574177.000000,2526018.000000,1813537.000000,2526018.000000,3027084.000000,1312578.000000,1574274.000000,3027084.000000,2526018.000000,3130374.000000,3152658.000000,1514722.000000,908776.000000,1514733.000000,908771.000000,908777.000000,1514722.000000,1813537.000000,2526018.000000,958411.000000,1576175.000000,908772.000000,1514733.000000,958412.000000,1576221.000000,1576306.000000,958411.000000,3152658.000000,3130375.000000,1574701.000000,1312527.000000,1576352.000000,958412.000000,1574798.000000,1313102.000000
96.778072,65022286.000000,1339217.000000,1607468.000000,2576250.000000,1853617.000000,2576250.000000,3089909.000000,1339269.000000,1607568.000000,3089909.000000,2576250.000000,3192146.000000,3215036.000000,1544947.000000,926810.000000,1544961.000000,926807.000000,926810.000000,1544947.000000,1853617.000000,2576250.000000,977925.000000,1607494.000000,926807.000000,1544961.000000,977928.000000,1607541.000000,1607494.000000,977925.000000,3215036.000000,3192146.000000,1607468.000000,1339217.000000,1607541.000000,977928.000000,1607568.000000,1339269.000000
97.820310,66249120.000000,1363753.000000,1638085.000000,2625321.000000,1888924.000000,2625321.000000,3148765.000000,1363804.000000,1638189.000000,3148765.000000,2625321.000000,3251001.000000,3276274.000000,1574375.000000,944464.000000,1574390.000000,944460.000000,944464.000000,1574375.000000,1888924.000000,2625321.000000,995578.000000,1638113.000000,944460.000000,1574390.000000,995582.000000,1638161.000000,1638113.000000,995578.000000,3276274.000000,3251001.000000,1638085.000000,1363753.000000,1638161.000000,995582.000000,1638189.000000,1363804.000000
98.860648,68055696.000000,1400403.000000,1681868.000000,2698030.000000,1938162.000000,2698758.000000,3234131.000000,1400455.000000,1681972.000000,3234131.000000,2698758.000000,3338281.000000,3368000.000000,1617718.000000,970861.000000,1617734.000000,970857.000000,970861.000000,1617718.000000,1938162.000000,2698030.000000,1021810.000000,1683472.000000,970857.000000,1617734.000000,1021814.000000,1683522.000000,1683472.000000,1021810.000000,3368000.000000,3338281.000000,1681868.000000,1400403.000000,1683522.000000,1021814.000000,1681972.000000,1400455.000000
99.901447,69316210.000000,1425091.000000,1714631.000000,2748000.000000,1977192.000000,2748000.000000,3295903.000000,1425144.000000,1714740.000000,3295903.000000,2748000.000000,3398140.000000,3429371.000000,1647943.000000,988597.000000,1647960.000000,988594.000000,988597.000000,1647943.000000,1977192.000000,2748000.000000,1039713.000000,1714659.000000,988594.000000,1647960.000000,1039715.000000,1714712.000000,1714659.000000,1039713.000000,3429371.000000,3398140.000000,1714631.000000,1425091.000000,1714712.000000,1039715.000000,1714740.000000,1425144.000000
100.953790,70943108.000000,1458032.000000,1749352.000000,2817297.000000,2012509.000000,2813878.000000,3364204.000000,1458084.000000,1749462.000000,3364204.000000,2813878.000000,3480093.000000,3514832.000000,1690626.000000,1010982.000000,1690644.000000,1010979.000000,1010982.000000,1690626.000000,2016704.000000,2817298.000000,1063279.000000,1759621.000000,1010979.000000,1690644.000000,1063284.000000,1759675.000000,1759621.000000,1063281.000000,3514833.000000,3480093.000000,1751450.000000,1458556.000000,1759675.000000,1063284.000000,1751559.000000,1458608.000000
101.996931,72383298.000000,1486430.000000,1791179.000000,2870678.000000,2065459.000000,2870678.000000,3443042.000000,1486484.000000,1791289.000000,3443042.000000,2870678.000000,3545278.000000,3582468.000000,1721511.000000,1032731.000000,1721530.000000,1032728.000000,1032731.000000,1721511.000000,2065459.000000,2870678.000000,1083847.000000,1791207.000000,1032728.000000,1721530.000000,1083849.000000,1791261.000000,1791207.000000,1083847.000000,3582468.000000,3545278.000000,1791179.000000,1486430.000000,1791261.000000,1083849.000000,1791289.000000,1486484.000000
103.038728,73610136.000000,1510966.000000,1821797.000000,2919750.000000,2100766.000000,2919750.000000,3501897.000000,1511019.000000,1821909.000000,3501897.000000,2919750.000000,3604134.000000,3643707.000000,1750939.000000,1050383.000000,1750958.000000,1050383.000000,1050383.000000,1750939.000000,2100766.000000,2919750.000000,1101501.000000,1821826.000000,1050383.000000,1750958.000000,1101502.000000,1821881.000000,1821826.000000,1101501.000000,3643707.000000,3604134.000000,1821797.000000,1510966.000000,1821881.000000,1101502.000000,1821909.000000,1511019.000000
104.080256,75418832.000000,1547616.000000,1866760.000000,2992462.000000,2150009.000000,2992196.000000,3587270.000000,1547671.000000,1866872.000000,3587270.000000,2992196.000000,3691675.000000,3734164.000000,1794578.000000,1076483.000000,1794598.000000,1076481.000000,1076483.000000,1794578.000000,2150009.000000,2993051.000000,1127733.000000,1867315.000000,1076482.000000,1794598.000000,1127733.000000,1867374.000000,1867315.000000,1127733.000000,3734426.000000,3691675.000000,1866760.000000,1547616.000000,1867374.000000,1127733.000000,1866872.000000,1547671.000000
105.135016,76677224.000000,1572305.000000,1898345.000000,3042428.000000,2189034.000000,3042428.000000,3649036.000000,1572360.000000,1898459.000000,3649036.000000,3042428.000000,3751272.000000,3796804.000000,1824507.000000,1094518.000000,1824528.000000,1094515.000000,1094518.000000,1824507.000000,2189034.000000,3042428.000000,1145633.000000,1898372.000000,1094515.000000,1824528.000000,1145637.000000,1898431.000000,1898372.000000,1145633.000000,3796804.000000,3751272.000000,1898345.000000,1572305.000000,1898431.000000,1145637.000000,1898459.000000,1572360.000000
106.177511,78060421.000000,1596841.000000,1933065.000000,3105145.000000,2224341.000000,3105145.000000,3707891.000000,1596899.000000,1933178.000000,3707891.000000,3105145.000000,3810128.000000,3870444.000000,1860760.000000,1114276.000000,1860781.000000,1114274.000000,1114276.000000,1860760.000000,2224341.000000,3105145.000000,1163286.000000,1935196.000000,1114274.000000,1860781.000000,1163291.000000,1935259.000000,1935201.000000,1163286.000000,3870460.000000,3810128.000000,1933065.000000,1596841.000000,1935259.000000,1163291.000000,1933178.000000,1596899.000000
107.217551,79737975.000000,1633557.000000,1974456.000000,3165069.000000,2276804.000000,3165069.000000,3795170.000000,1633616.000000,1974569.000000,3795170.000000,3165069.000000,3898195.000000,3949901.000000,1898002.000000,1138643.000000,1898024.000000,1138641.000000,1138643.000000,1898002.000000,2276804.000000,3165069.000000,1189682.000000,1974920.000000,1138641.000000,1898024.000000,1189688.000000,1974980.000000,1974920.000000,1189682.000000,3949901.000000,3898195.000000,1974457.000000,1633557.000000,1974980.000000,1189688.000000,1974571.000000,1633616.000000
108.257110,80971150.000000,1658177.000000,2005511.000000,3214178.000000,2312609.000000,3214178.000000,3855030.000000,1658237.000000,2005628.000000,3855030.000000,3214178.000000,3957266.000000,4011140.000000,1927505.000000,1156305.000000,1927524.000000,1156303.000000,1156305.000000,1927505.000000,2312609.000000,3214178.000000,1207420.000000,2005539.000000,1156303.000000,1927524.000000,1207424.000000,2005601.000000,2005539.000000,1207420.000000,4011140.000000,3957266.000000,2005511.000000,1658177.000000,2005601.000000,1207424.000000,2005628.000000,1658237.000000
109.302622,82614335.000000,1691116.000000,2042331.000000,3284525.000000,2352120.000000,3280059.000000,3923341.000000,1691178.000000,2042446.000000,3923341.000000,3280059.000000,4039220.000000,4097650.000000,1970189.000000,1179872.000000,1970209.000000,1179869.000000,1179872.000000,1970189.000000,2352120.000000,3284525.000000,1230987.000000,2050500.000000,1179869.000000,1970209.000000,1230991.000000,2050564.000000,2050500.000000,1230987.000000,4097650.000000,4039220.000000,2042331.000000,1691116.000000,2050564.000000,1230991.000000,2042447.000000,1691178.000000
110.344944,84038244.000000,1719515.000000,2082060.000000,3336857.000000,2400876.000000,3336857.000000,4002168.000000,1719578.000000,2082176.000000,4002168.000000,3336857.000000,4104405.000000,4164237.000000,2001074.000000,1200439.000000,2001094.000000,1200437.000000,1200439.000000,2001074.000000,2400876.000000,3336857.000000,1251553.000000,2082085.000000,1200437.000000,2001094.000000,1251559.000000,2082152.000000,2082085.000000,1251553.000000,4164237.000000,4104405.000000,2082060.000000,1719515.000000,2082152.000000,1251559.000000,2082176.000000,1719578.000000
111.387613,85265076.000000,1744050.000000,2112678.000000,3385928.000000,2436183.000000,3385928.000000,4061024.000000,1744114.000000,2112797.000000,4061024.000000,3385928.000000,4163260.000000,4225476.000000,2030502.000000,1218092.000000,2030521.000000,1218091.000000,1218092.000000,2030502.000000,2436183.000000,3385928.000000,1269206.000000,2112703.000000,1218091.000000,2030521.000000,1269213.000000,2112772.000000,2112703.000000,1269206.000000,4225476.000000,4163260.000000,2112678.000000,1744050.000000,2112772.000000,1269213.000000,2112797.000000,1744114.000000
112.428104,87049152.000000,1779223.000000,2155933.000000,3458638.000000,2484370.000000,3459230.000000,4145337.000000,1779288.000000,2156054.000000,4145337.000000,3459230.000000,4248629.000000,4316459.000000,2073845.000000,1244322.000000,2073865.000000,1244324.000000,1244322.000000,2073845.000000,2484370.000000,3458640.000000,1293830.000000,2158064.000000,1244324.000000,2074160.000000,1293835.000000,2158131.000000,2158064.000000,1293830.000000,4316459.000000,4248633.000000,2155933.000000,1780271.000000,2158131.000000,1293835.000000,2156054.000000,1780337.000000
113.470850,88332168.000000,1805388.000000,2189224.000000,3508607.000000,2524451.000000,3508607.000000,4208162.000000,1805455.000000,2189348.000000,4208162.000000,3508607.000000,4310399.000000,4378573.000000,2104071.000000,1262224.000000,2104091.000000,1262226.000000,1262224.000000,2104071.000000,2524451.000000,3508607.000000,1313340.000000,2189253.000000,1262226.000000,2104091.000000,1313346.000000,2189319.000000,2189253.000000,1313340.000000,4378573.000000,4310399.000000,2189224.000000,1805388.000000,2189319.000000,1313346.000000,2189348.000000,1805455.000000
114.511443,89656524.000000,1829923.000000,2223942.000000,3561877.000000,2559758.000000,3561879.000000,4267018.000000,1829991.000000,2224069.000000,4267018.000000,3561879.000000,4369254.000000,4448016.000000,2138221.000000,1281980.000000,2138241.000000,1281981.000000,1281980.000000,2138221.000000,2559758.000000,3561887.000000,1330992.000000,2223974.000000,1281981.000000,2138241.000000,1331001.000000,2224041.000000,2223974.000000,1330992.000000,4452210.000000,4369254.000000,2223942.000000,1829925.000000,2224041.000000,1331001.000000,2224069.000000,1829993.000000
115.550592,91380176.000000,1866145.000000,2264807.000000,3631181.000000,2611364.000000,3631181.000000,4353440.000000,1866215.000000,2265197.000000,4353440.000000,3631181.000000,4455677.000000,4531538.000000,2177565.000000,1306275.000000,2177585.000000,1306277.000000,1306349.000000,2177565.000000,2611366.000000,3631181.000000,1356796.000000,2265732.000000,1306351.000000,2177585.000000,1356806.000000,2265805.000000,2265732.000000,1356796.000000,4531603.000000,4455939.000000,2265202.000000,1866146.000000,2265805.000000,1356806.000000,2265328.000000,1866215.000000
116.592372,92626094.000000,1891260.000000,2296390.000000,3680357.000000,2648025.000000,3680357.000000,4414156.000000,1891333.000000,2296518.000000,4414156.000000,3680357.000000,4516393.000000,4592908.000000,2207068.000000,1324012.000000,2207088.000000,1324013.000000,1324012.000000,2207068.000000,2648025.000000,3680357.000000,1375125.000000,2296417.000000,1324013.000000,2207088.000000,1375136.000000,2296491.000000,2296417.000000,1375125.000000,4592908.000000,4516393.000000,2296390.000000,1891260.000000,2296491.000000,1375136.000000,2296518.000000,1891333.000000
117.632959,94304698.000000,1922624.000000,2339118.000000,3749654.000000,2692794.000000,3745186.000000,4495056.000000,1923747.000000,2339246.000000,4495056.000000,3745186.000000,4597291.000000,4676005.000000,2249752.000000,1346395.000000,2249772.000000,1346398.000000,1346395.000000,2249752.000000,2692795.000000,3749655.000000,1396985.000000,2341379.000000,1346398.000000,2249772.000000,1397521.000000,2341454.000000,2341379.000000,1397509.000000,4678365.000000,4597293.000000,2339120.000000,1923675.000000,2341454.000000,1397521.000000,2339249.000000,1923747.000000
118.674518,95693178.000000,1952598.000000,2372939.000000,3803035.000000,2736293.000000,3803035.000000,4561295.000000,1952674.000000,2373066.000000,4561295.000000,3803035.000000,4663531.000000,4746005.000000,2280637.000000,1368145.000000,2280657.000000,1368147.000000,1368145.000000,2280637.000000,2736293.000000,3803035.000000,1419259.000000,2372963.000000,1368147.000000,2280657.000000,1419269.000000,2373041.000000,2372963.000000,1419259.000000,4746005.000000,4663531.000000,2372939.000000,1952598.000000,2373041.000000,1419269.000000,2373066.000000,1952674.000000
119.714430,96920018.000000,1977133.000000,2403557.000000,3852107.000000,2771600.000000,3852107.000000,4620150.000000,1977210.000000,2403686.000000,4620150.000000,3852107.000000,4722387.000000,4807244.000000,2310064.000000,1385798.000000,2310085.000000,1385801.000000,1385798.000000,2310064.000000,2771600.000000,3852107.000000,1436912.000000,2403584.000000,1385801.000000,2310085.000000,1436924.000000,2403660.000000,2403584.000000,1436912.000000,4807244.000000,4722387.000000,2403557.000000,1977133.000000,2403660.000000,1436924.000000,2403686.000000,1977210.000000
120.756665,98535371.000000,2010072.000000,2438276.000000,3917987.000000,2806907.000000,3924553.000000,4679006.000000,2010151.000000,2438407.000000,4679006.000000,3924553.000000,4804335.000000,4897699.000000,2351039.000000,1411601.000000,2351060.000000,1411604.000000,1411601.000000,2351040.000000,2806907.000000,3917987.000000,1460476.000000,2446839.000000,1411605.000000,2351060.000000,1460492.000000,2446915.000000,2446839.000000,1460476.000000,4897701.000000,4804336.000000,2438277.000000,2010072.000000,2446915.000000,1460494.000000,2438408.000000,2010675.000000
121.800392,99987104.000000,2038470.000000,2480103.000000,3974785.000000,2859867.000000,3974785.000000,4767289.000000,2038551.000000,2480237.000000,4767289.000000,3974785.000000,4869525.000000,4960341.000000,2383634.000000,1429932.000000,2383654.000000,1429935.000000,1429932.000000,2383634.000000,2859867.000000,3974785.000000,1481044.000000,2480132.000000,1429935.000000,2383654.000000,1481059.000000,2480209.000000,2480132.000000,1481044.000000,4960341.000000,4869525.000000,2480103.000000,2038470.000000,2480209.000000,1481059.000000,2480237.000000,2038551.000000
122.841018,101213946.000000,2063005.000000,2510720.000000,4023857.000000,2895174.000000,4023857.000000,4826144.000000,2063088.000000,2510859.000000,4826144.000000,4023857.000000,4928381.000000,5021580.000000,2413063.000000,1447585.000000,2413081.000000,1447589.000000,1447585.000000,2413063.000000,2895174.000000,4023857.000000,1498698.000000,2510752.000000,1447589.000000,2413081.000000,1498712.000000,2510828.000000,2510752.000000,1498698.000000,5021580.000000,4928381.000000,2510720.000000,2063005.000000,2510828.000000,1498712.000000,2510859.000000,2063088.000000
123.885731,103030458.000000,2099359.000000,2555682.000000,4097293.000000,2944413.000000,4097293.000000,4911517.000000,2099445.000000,2555823.000000,4911517.000000,4097293.000000,5015660.000000,5113158.000000,2457097.000000,1473949.000000,2457114.000000,1473953.000000,1473949.000000,2457097.000000,2944413.000000,4097294.000000,1524929.000000,2556614.000000,1473953.000000,2457114.000000,1524944.000000,2556690.000000,2556614.000000,1524929.000000,5113158.000000,5015660.000000,2555682.000000,2099655.000000,2556690.000000,1524944.000000,2555823.000000,2099740.000000
124.927665,104281036.000000,2124343.000000,2587266.000000,4146536.000000,2983442.000000,4146536.000000,4973283.000000,2124428.000000,2587410.000000,4973283.000000,4146536.000000,5075519.000000,5174677.000000,2486634.000000,1491718.000000,2486649.000000,1491723.000000,1491718.000000,2486634.000000,2983442.000000,4146536.000000,1542832.000000,2587300.000000,1491723.000000,2486649.000000,1542846.000000,2587376.000000,2587300.000000,1542832.000000,5174677.000000,5075519.000000,2587266.000000,2124343.000000,2587376.000000,1542846.000000,2587410.000000,2124428.000000
125.969456,105648461.000000,2148878.000000,2621985.000000,4195611.000000,3022953.000000,4209253.000000,5041584.000000,2148964.000000,2622134.000000,5041584.000000,4209253.000000,5134375.000000,5248324.000000,2516062.000000,1511480.000000,2516076.000000,1513582.000000,1513577.000000,2516062.000000,3022953.000000,4195611.000000,1560485.000000,2622020.000000,1513582.000000,2516076.000000,1560500.000000,2622095.000000,2622020.000000,1560485.000000,5257770.000000,5134375.000000,2624083.000000,2148878.000000,2622095.000000,1560500.000000,2624232.000000,2148964.000000
127.012616,107338055.000000,2185529.000000,2663243.000000,4269110.000000,3070949.000000,4269110.000000,5118825.000000,2185616.000000,2663392.000000,5118825.000000,4269110.000000,5221916.000000,5327708.000000,2560128.000000,1535843.000000,2560143.000000,1535848.000000,1535843.000000,2560128.000000,3070949.000000,4269111.000000,1586717.000000,2663815.000000,1535848.000000,2560143.000000,1586733.000000,2663892.000000,2663815.000000,1586849.000000,5327708.000000,5222441.000000,2663243.000000,2185530.000000,2663925.000000,1586864.000000,2663523.000000,2185683.000000
128.054596,108574960.000000,2210216.000000,2694429.000000,4318286.000000,3107016.000000,4318286.000000,5179277.000000,2210305.000000,2694583.000000,5179277.000000,4318286.000000,5281513.000000,5389012.000000,2589632.000000,1553506.000000,2589645.000000,1553510.000000,1553506.000000,2589632.000000,3107016.000000,4318286.000000,1604618.000000,2694465.000000,1553510.000000,2589645.000000,1604634.000000,2694547.000000,2694465.000000,1604618.000000,5389012.000000,5281513.000000,2694429.000000,2210216.000000,2694547.000000,1604634.000000,2694583.000000,2210305.000000
129.096905,110209749.000000,2245388.000000,2729147.000000,4384164.000000,3142333.000000,4384164.000000,5247578.000000,2246529.000000,2729305.000000,5247578.000000,4384164.000000,5367935.000000,5474474.000000,2630606.000000,1577073.000000,2630619.000000,1577076.000000,1577073.000000,2630606.000000,3146528.000000,4384166.000000,1630421.000000,2737196.000000,1577078.000000,2630619.000000,1630437.000000,2737278.000000,2737196.000000,1630421.000000,5475523.000000,5367936.000000,2729149.000000,2246438.000000,2737278.000000,1630437.000000,2729306.000000,2246530.000000
130.153351,111642048.000000,2271553.000000,2770973.000000,4440964.000000,3195284.000000,4440964.000000,5326415.000000,2271647.000000,2771136.000000,5326415.000000,4440964.000000,5428652.000000,5542109.000000,2663201.000000,1597640.000000,2663214.000000,1597643.000000,1597640.000000,2663201.000000,3195284.000000,4440964.000000,1648751.000000,2771014.000000,1597643.000000,2663214.000000,1648769.000000,2771095.000000,2771014.000000,1648751.000000,5542109.000000,5428652.000000,2770973.000000,2271553.000000,2771095.000000,1648769.000000,2771136.000000,2271647.000000
131.194080,112868886.000000,2296089.000000,2801592.000000,4490036.000000,3230591.000000,4490036.000000,5385271.000000,2296182.000000,2801756.000000,5385271.000000,4490036.000000,5487507.000000,5603348.000000,2692627.000000,1615294.000000,2692643.000000,1615296.000000,1615294.000000,2692627.000000,3230591.000000,4490036.000000,1666404.000000,2801633.000000,1615296.000000,2692643.000000,1666423.000000,2801715.000000,2801633.000000,1666404.000000,5603348.000000,5487507.000000,2801592.000000,2296089.000000,2801715.000000,1666423.000000,2801756.000000,2296182.000000
132.235494,114668835.000000,2332312.000000,2844847.000000,4563339.000000,3278778.000000,4563337.000000,5469584.000000,2332406.000000,2845012.000000,5469584.000000,4563337.000000,5573930.000000,5694333.000000,2736660.000000,1641528.000000,2736676.000000,1641528.000000,1641528.000000,2736660.000000,3278778.000000,4563340.000000,1692503.000000,2847420.000000,1641659.000000,2736677.000000,1692522.000000,2847504.000000,2847420.000000,1692503.000000,5694335.000000,5574192.000000,2844847.000000,2332312.000000,2847504.000000,1692522.000000,2845012.000000,2332406.000000
133.279931,115935974.000000,2357428.000000,2878139.000000,4612714.000000,3318858.000000,4612714.000000,5532409.000000,2357522.000000,2878306.000000,5532409.000000,4612714.000000,5634646.000000,5756445.000000,2766197.000000,1659429.000000,2766212.000000,1659429.000000,1659429.000000,2766197.000000,3318858.000000,4612714.000000,1710537.000000,2878179.000000,1659429.000000,2766212.000000,1710557.000000,2878266.000000,2878179.000000,1710537.000000,5756445.000000,5634646.000000,2878139.000000,2357428.000000,2878266.000000,1710557.000000,2878306.000000,2357522.000000
134.321393,117400032.000000,2381964.000000,2912857.000000,4675439.000000,3354165.000000,4675439.000000,5591265.000000,2384158.000000,2913027.000000,5591265.000000,4675442.000000,5693509.000000,5839538.000000,2806645.000000,1681288.000000,2806660.000000,1681288.000000,1681288.000000,2806645.000000,3354165.000000,4675442.000000,1728197.000000,2919725.000000,1681289.000000,2806660.000000,1728214.000000,2919813.000000,2919725.000000,1728197.000000,5839538.000000,5702946.000000,2912857.000000,2384067.000000,2919813.000000,1730312.000000,2913027.000000,2384163.000000
135.361353,118996460.000000,2418614.000000,2954246.000000,4735355.000000,3406628.000000,4735355.000000,5678544.000000,2418711.000000,2954420.000000,5678544.000000,4735355.000000,5781567.000000,5909542.000000,2839691.000000,1703556.000000,2839708.000000,1703553.000000,1703556.000000,2839691.000000,3406631.000000,4735355.000000,1754556.000000,2954727.000000,1703553.000000,2839708.000000,1754573.000000,2954814.000000,2954727.000000,1754556.000000,5909542.000000,5781568.000000,2954248.000000,2418680.000000,2954814.000000,1754573.000000,2954422.000000,2418777.000000
136.401762,120229898.000000,2443301.000000,2985303.000000,4784464.000000,3442433.000000,4784464.000000,5738403.000000,2443399.000000,2985478.000000,5738403.000000,4784464.000000,5840640.000000,5970781.000000,2869193.000000,1721218.000000,2869210.000000,1721214.000000,1721218.000000,2869193.000000,3442433.000000,4784464.000000,1772326.000000,2985347.000000,1721214.000000,2869210.000000,1772342.000000,2985433.000000,2985347.000000,1772326.000000,5970781.000000,5840640.000000,2985303.000000,2443301.000000,2985433.000000,1772342.000000,2985478.000000,2443399.000000
137.445295,121863892.000000,2469936.000000,3028034.000000,4854811.000000,3487207.000000,4849294.000000,5820352.000000,2470036.000000,3028208.000000,5820352.000000,4849294.000000,5908940.000000,6056237.000000,2911878.000000,1743602.000000,2911898.000000,1743599.000000,1743602.000000,2911878.000000,3489566.000000,4856908.000000,1792084.000000,3030312.000000,1743599.000000,2912422.000000,1792096.000000,3030398.000000,3030312.000000,1792084.000000,6056237.000000,5908951.000000,3028558.000000,2469940.000000,3030398.000000,1792096.000000,3028733.000000,2470040.000000
138.491703,123296988.000000,2504639.000000,3061850.000000,4907143.000000,3530700.000000,4907143.000000,5885542.000000,2504739.000000,3062028.000000,5885542.000000,4907143.000000,5987778.000000,6123878.000000,2942761.000000,1765351.000000,2942780.000000,1765348.000000,1765351.000000,2942761.000000,3530700.000000,4907143.000000,1816462.000000,3061896.000000,1765348.000000,2942780.000000,1816474.000000,3061982.000000,3061896.000000,1816462.000000,6123878.000000,5987778.000000,3061850.000000,2504639.000000,3061982.000000,1816474.000000,3062028.000000,2504739.000000
139.534274,124523824.000000,2529175.000000,3092468.000000,4956214.000000,3566007.000000,4956214.000000,5944397.000000,2529275.000000,3092648.000000,5944397.000000,4956214.000000,6046634.000000,6185117.000000,2972190.000000,1783004.000000,2972207.000000,1783003.000000,1783004.000000,2972190.000000,3566007.000000,4956214.000000,1834116.000000,3092514.000000,1783003.000000,2972207.000000,1834127.000000,3092602.000000,3092514.000000,1834116.000000,6185117.000000,6046634.000000,3092468.000000,2529175.000000,3092602.000000,1834127.000000,3092648.000000,2529275.000000
140.590229,126317434.000000,2564348.000000,3136248.000000,5029516.000000,3614194.000000,5029516.000000,6028715.000000,2564449.000000,3136429.000000,6028715.000000,5029516.000000,6132007.000000,6276102.000000,3015961.000000,1809236.000000,3015977.000000,1809234.000000,1809236.000000,3015961.000000,3614194.000000,5029516.000000,1858735.000000,3138005.000000,1809234.000000,3015977.000000,1858747.000000,3138094.000000,3138007.000000,1859919.000000,6276694.000000,6133056.000000,3136249.000000,2565398.000000,3138391.000000,1859930.000000,3136429.000000,2565499.000000
141.632459,127590920.000000,2590513.000000,3169014.000000,5078893.000000,3654275.000000,5078893.000000,6091536.000000,2590616.000000,3169199.000000,6091536.000000,5078893.000000,6193772.000000,6338214.000000,3045760.000000,1827138.000000,3045775.000000,1827137.000000,1827138.000000,3045760.000000,3654275.000000,5078893.000000,1878250.000000,3169061.000000,1827137.000000,3045775.000000,1878261.000000,3169153.000000,3169061.000000,1878250.000000,6338214.000000,6193772.000000,3169014.000000,2590513.000000,3169153.000000,1878261.000000,3169199.000000,2590616.000000
142.672095,128912130.000000,2615047.000000,3203734.000000,5132173.000000,3689582.000000,5127968.000000,6150391.000000,2615153.000000,3203919.000000,6150391.000000,5127968.000000,6252628.000000,6407653.000000,3079916.000000,1844791.000000,3079931.000000,1844791.000000,1844791.000000,3079916.000000,3689582.000000,5141610.000000,1895904.000000,3205880.000000,1844791.000000,3079931.000000,1895913.000000,3205971.000000,3205881.000000,1895904.000000,6407655.000000,6252628.000000,3203734.000000,2615047.000000,3205971.000000,1895913.000000,3203919.000000,2615153.000000
143.711778,129431164.000000,2627315.000000,3214943.000000,5152500.000000,3707235.000000,5152500.000000,6179819.000000,2627420.000000,3215128.000000,6179819.000000,5152500.000000,6282055.000000,6430072.000000,3089902.000000,1853617.000000,3089917.000000,1853617.000000,1853617.000000,3089902.000000,3707235.000000,5152500.000000,1904731.000000,3214990.000000,1853617.000000,3089917.000000,1904740.000000,3215081.000000,3214990.000000,1904731.000000,6430072.000000,6282055.000000,3214943.000000,2627315.000000,3215081.000000,1904740.000000,3215128.000000,2627420.000000
